Omega,Potential
1.0,5.685639034956694
1.1,5.526846947564811
1.2,5.526822520645732
1.3,5.5263426452289925
1.4,5.526341058267329
1.5,5.526343087119463
1.6,5.526341538098896
1.7,5.526340488741521
1.8,5.526342854637754
1.9,5.5263375908575485
